Domain Code,Domain,Area Code (M49),Area,Element Code,Element,Item Code (CPC),Item,Year Code,Year,Months Code,Months,Unit,Value,Flag,Flag Description
"PP","Producer Prices","764","Thailand","5530","Producer Price (LCU/tonne)","0113","Rice","1991","1991","7021","Annual value","LCU","4089","A","Official figure"
"PP","Producer Prices","764","Thailand","5530","Producer Price (LCU/tonne)","0113","Rice","1992","1992","7021","Annual value","LCU","3822","A","Official figure"
"PP","Producer Prices","764","Thailand","5530","Producer Price (LCU/tonne)","0113","Rice","1993","1993","7021","Annual value","LCU","3215","A","Official figure"
"PP","Producer Prices","764","Thailand","5530","Producer Price (LCU/tonne)","0113","Rice","1994","1994","7021","Annual value","LCU","3854","A","Official figure"
"PP","Producer Prices","764","Thailand","5530","Producer Price (LCU/tonne)","0113","Rice","1995","1995","7021","Annual value","LCU","4132","A","Official figure"
"PP","Producer Prices","764","Thailand","5530","Producer Price (LCU/tonne)","0113","Rice","1996","1996","7021","Annual value","LCU","5189","A","Official figure"
"PP","Producer Prices","764","Thailand","5530","Producer Price (LCU/tonne)","0113","Rice","1997","1997","7021","Annual value","LCU","6654","A","Official figure"
"PP","Producer Prices","764","Thailand","5530","Producer Price (LCU/tonne)","0113","Rice","1998","1998","7021","Annual value","LCU","5759","A","Official figure"
"PP","Producer Prices","764","Thailand","5530","Producer Price (LCU/tonne)","0113","Rice","1999","1999","7021","Annual value","LCU","4856","A","Official figure"
"PP","Producer Prices","764","Thailand","5530","Producer Price (LCU/tonne)","0113","Rice","2000","2000","7021","Annual value","LCU","4351","A","Official figure"
"PP","Producer Prices","764","Thailand","5530","Producer Price (LCU/tonne)","0113","Rice","2001","2001","7021","Annual value","LCU","4825","A","Official figure"
"PP","Producer Prices","764","Thailand","5530","Producer Price (LCU/tonne)","0113","Rice","2002","2002","7021","Annual value","LCU","5051","A","Official figure"
"PP","Producer Prices","764","Thailand","5530","Producer Price (LCU/tonne)","0113","Rice","2003","2003","7021","Annual value","LCU","5569","A","Official figure"
"PP","Producer Prices","764","Thailand","5530","Producer Price (LCU/tonne)","0113","Rice","2004","2004","7021","Annual value","LCU","6653","A","Official figure"
"PP","Producer Prices","764","Thailand","5530","Producer Price (LCU/tonne)","0113","Rice","2005","2005","7021","Annual value","LCU","6922","A","Official figure"
"PP","Producer Prices","764","Thailand","5530","Producer Price (LCU/tonne)","0113","Rice","2006","2006","7021","Annual value","LCU","6832","A","Official figure"
"PP","Producer Prices","764","Thailand","5530","Producer Price (LCU/tonne)","0113","Rice","2007","2007","7021","Annual value","LCU","11271","A","Official figure"
"PP","Producer Prices","764","Thailand","5530","Producer Price (LCU/tonne)","0113","Rice","2008","2008","7021","Annual value","LCU","9689","A","Official figure"
"PP","Producer Prices","764","Thailand","5530","Producer Price (LCU/tonne)","0113","Rice","2009","2009","7021","Annual value","LCU","8840","A","Official figure"
"PP","Producer Prices","764","Thailand","5530","Producer Price (LCU/tonne)","0113","Rice","2010","2010","7021","Annual value","LCU","8558","A","Official figure"
"PP","Producer Prices","764","Thailand","5530","Producer Price (LCU/tonne)","0113","Rice","2010","2010","7001","January","LCU","10229","A","Official figure"
"PP","Producer Prices","764","Thailand","5530","Producer Price (LCU/tonne)","0113","Rice","2010","2010","7002","February","LCU","9618","A","Official figure"
"PP","Producer Prices","764","Thailand","5530","Producer Price (LCU/tonne)","0113","Rice","2010","2010","7003","March","LCU","8673","A","Official figure"
"PP","Producer Prices","764","Thailand","5530","Producer Price (LCU/tonne)","0113","Rice","2010","2010","7004","April","LCU","8295","A","Official figure"
"PP","Producer Prices","764","Thailand","5530","Producer Price (LCU/tonne)","0113","Rice","2010","2010","7005","May","LCU","10932","A","Official figure"
"PP","Producer Prices","764","Thailand","5530","Producer Price (LCU/tonne)","0113","Rice","2010","2010","7006","June","LCU","11021","A","Official figure"
"PP","Producer Prices","764","Thailand","5530","Producer Price (LCU/tonne)","0113","Rice","2010","2010","7007","July","LCU","11785","A","Official figure"
"PP","Producer Prices","764","Thailand","5530","Producer Price (LCU/tonne)","0113","Rice","2010","2010","7008","August","LCU","9236","A","Official figure"
"PP","Producer Prices","764","Thailand","5530","Producer Price (LCU/tonne)","0113","Rice","2010","2010","7009","September","LCU","10017","A","Official figure"
"PP","Producer Prices","764","Thailand","5530","Producer Price (LCU/tonne)","0113","Rice","2010","2010","7010","October","LCU","11146","A","Official figure"
"PP","Producer Prices","764","Thailand","5530","Producer Price (LCU/tonne)","0113","Rice","2010","2010","7011","November","LCU","12348","A","Official figure"
"PP","Producer Prices","764","Thailand","5530","Producer Price (LCU/tonne)","0113","Rice","2010","2010","7012","December","LCU","11523","A","Official figure"
"PP","Producer Prices","764","Thailand","5530","Producer Price (LCU/tonne)","0113","Rice","2011","2011","7021","Annual value","LCU","10227","A","Official figure"
"PP","Producer Prices","764","Thailand","5530","Producer Price (LCU/tonne)","0113","Rice","2011","2011","7001","January","LCU","9677","A","Official figure"
"PP","Producer Prices","764","Thailand","5530","Producer Price (LCU/tonne)","0113","Rice","2011","2011","7002","February","LCU","9076","A","Official figure"
"PP","Producer Prices","764","Thailand","5530","Producer Price (LCU/tonne)","0113","Rice","2011","2011","7003","March","LCU","8398","A","Official figure"
"PP","Producer Prices","764","Thailand","5530","Producer Price (LCU/tonne)","0113","Rice","2011","2011","7004","April","LCU","8027","A","Official figure"
"PP","Producer Prices","764","Thailand","5530","Producer Price (LCU/tonne)","0113","Rice","2011","2011","7005","May","LCU","7982","A","Official figure"
"PP","Producer Prices","764","Thailand","5530","Producer Price (LCU/tonne)","0113","Rice","2011","2011","7006","June","LCU","8591","A","Official figure"
"PP","Producer Prices","764","Thailand","5530","Producer Price (LCU/tonne)","0113","Rice","2011","2011","7007","July","LCU","8993","A","Official figure"
"PP","Producer Prices","764","Thailand","5530","Producer Price (LCU/tonne)","0113","Rice","2011","2011","7008","August","LCU","9884","A","Official figure"
"PP","Producer Prices","764","Thailand","5530","Producer Price (LCU/tonne)","0113","Rice","2011","2011","7009","September","LCU","10891","A","Official figure"
"PP","Producer Prices","764","Thailand","5530","Producer Price (LCU/tonne)","0113","Rice","2011","2011","7010","October","LCU","11982","A","Official figure"
"PP","Producer Prices","764","Thailand","5530","Producer Price (LCU/tonne)","0113","Rice","2011","2011","7011","November","LCU","12986","A","Official figure"
"PP","Producer Prices","764","Thailand","5530","Producer Price (LCU/tonne)","0113","Rice","2011","2011","7012","December","LCU","12793","A","Official figure"
"PP","Producer Prices","764","Thailand","5530","Producer Price (LCU/tonne)","0113","Rice","2012","2012","7021","Annual value","LCU","9886","A","Official figure"
"PP","Producer Prices","764","Thailand","5530","Producer Price (LCU/tonne)","0113","Rice","2012","2012","7001","January","LCU","9641","A","Official figure"
"PP","Producer Prices","764","Thailand","5530","Producer Price (LCU/tonne)","0113","Rice","2012","2012","7002","February","LCU","9645","A","Official figure"
"PP","Producer Prices","764","Thailand","5530","Producer Price (LCU/tonne)","0113","Rice","2012","2012","7003","March","LCU","9921","A","Official figure"
"PP","Producer Prices","764","Thailand","5530","Producer Price (LCU/tonne)","0113","Rice","2012","2012","7004","April","LCU","10000","A","Official figure"
"PP","Producer Prices","764","Thailand","5530","Producer Price (LCU/tonne)","0113","Rice","2012","2012","7005","May","LCU","10242","A","Official figure"
"PP","Producer Prices","764","Thailand","5530","Producer Price (LCU/tonne)","0113","Rice","2012","2012","7006","June","LCU","10467","A","Official figure"
"PP","Producer Prices","764","Thailand","5530","Producer Price (LCU/tonne)","0113","Rice","2012","2012","7007","July","LCU","10326","A","Official figure"
"PP","Producer Prices","764","Thailand","5530","Producer Price (LCU/tonne)","0113","Rice","2012","2012","7008","August","LCU","9914","A","Official figure"
"PP","Producer Prices","764","Thailand","5530","Producer Price (LCU/tonne)","0113","Rice","2012","2012","7009","September","LCU","10584","A","Official figure"
"PP","Producer Prices","764","Thailand","5530","Producer Price (LCU/tonne)","0113","Rice","2012","2012","7010","October","LCU","10123","A","Official figure"
"PP","Producer Prices","764","Thailand","5530","Producer Price (LCU/tonne)","0113","Rice","2012","2012","7011","November","LCU","10160","A","Official figure"
"PP","Producer Prices","764","Thailand","5530","Producer Price (LCU/tonne)","0113","Rice","2012","2012","7012","December","LCU","10221","A","Official figure"
"PP","Producer Prices","764","Thailand","5530","Producer Price (LCU/tonne)","0113","Rice","2013","2013","7021","Annual value","LCU","7893","A","Official figure"
"PP","Producer Prices","764","Thailand","5530","Producer Price (LCU/tonne)","0113","Rice","2013","2013","7001","January","LCU","10526","A","Official figure"
"PP","Producer Prices","764","Thailand","5530","Producer Price (LCU/tonne)","0113","Rice","2013","2013","7002","February","LCU","10559","A","Official figure"
"PP","Producer Prices","764","Thailand","5530","Producer Price (LCU/tonne)","0113","Rice","2013","2013","7003","March","LCU","10158","A","Official figure"
"PP","Producer Prices","764","Thailand","5530","Producer Price (LCU/tonne)","0113","Rice","2013","2013","7004","April","LCU","9753","A","Official figure"
"PP","Producer Prices","764","Thailand","5530","Producer Price (LCU/tonne)","0113","Rice","2013","2013","7005","May","LCU","9799","A","Official figure"
"PP","Producer Prices","764","Thailand","5530","Producer Price (LCU/tonne)","0113","Rice","2013","2013","7006","June","LCU","9897","A","Official figure"
"PP","Producer Prices","764","Thailand","5530","Producer Price (LCU/tonne)","0113","Rice","2013","2013","7007","July","LCU","9578","A","Official figure"
"PP","Producer Prices","764","Thailand","5530","Producer Price (LCU/tonne)","0113","Rice","2013","2013","7008","August","LCU","9329","A","Official figure"
"PP","Producer Prices","764","Thailand","5530","Producer Price (LCU/tonne)","0113","Rice","2013","2013","7009","September","LCU","8480","A","Official figure"
"PP","Producer Prices","764","Thailand","5530","Producer Price (LCU/tonne)","0113","Rice","2013","2013","7010","October","LCU","8280","A","Official figure"
"PP","Producer Prices","764","Thailand","5530","Producer Price (LCU/tonne)","0113","Rice","2013","2013","7011","November","LCU","8126","A","Official figure"
"PP","Producer Prices","764","Thailand","5530","Producer Price (LCU/tonne)","0113","Rice","2013","2013","7012","December","LCU","8134","A","Official figure"
"PP","Producer Prices","764","Thailand","5530","Producer Price (LCU/tonne)","0113","Rice","2014","2014","7021","Annual value","LCU","7815","A","Official figure"
"PP","Producer Prices","764","Thailand","5530","Producer Price (LCU/tonne)","0113","Rice","2014","2014","7001","January","LCU","7914","A","Official figure"
"PP","Producer Prices","764","Thailand","5530","Producer Price (LCU/tonne)","0113","Rice","2014","2014","7002","February","LCU","7827","A","Official figure"
"PP","Producer Prices","764","Thailand","5530","Producer Price (LCU/tonne)","0113","Rice","2014","2014","7003","March","LCU","7482","A","Official figure"
"PP","Producer Prices","764","Thailand","5530","Producer Price (LCU/tonne)","0113","Rice","2014","2014","7004","April","LCU","6982","A","Official figure"
"PP","Producer Prices","764","Thailand","5530","Producer Price (LCU/tonne)","0113","Rice","2014","2014","7005","May","LCU","7034","A","Official figure"
"PP","Producer Prices","764","Thailand","5530","Producer Price (LCU/tonne)","0113","Rice","2014","2014","7006","June","LCU","7337","A","Official figure"
"PP","Producer Prices","764","Thailand","5530","Producer Price (LCU/tonne)","0113","Rice","2014","2014","7007","July","LCU","7870","A","Official figure"
"PP","Producer Prices","764","Thailand","5530","Producer Price (LCU/tonne)","0113","Rice","2014","2014","7008","August","LCU","8339","A","Official figure"
"PP","Producer Prices","764","Thailand","5530","Producer Price (LCU/tonne)","0113","Rice","2014","2014","7009","September","LCU","8055","A","Official figure"
"PP","Producer Prices","764","Thailand","5530","Producer Price (LCU/tonne)","0113","Rice","2014","2014","7010","October","LCU","7980","A","Official figure"
"PP","Producer Prices","764","Thailand","5530","Producer Price (LCU/tonne)","0113","Rice","2014","2014","7011","November","LCU","7878","A","Official figure"
"PP","Producer Prices","764","Thailand","5530","Producer Price (LCU/tonne)","0113","Rice","2014","2014","7012","December","LCU","7862","A","Official figure"
"PP","Producer Prices","764","Thailand","5530","Producer Price (LCU/tonne)","0113","Rice","2015","2015","7021","Annual value","LCU","9069.6","A","Official figure"
"PP","Producer Prices","764","Thailand","5530","Producer Price (LCU/tonne)","0113","Rice","2015","2015","7001","January","LCU","7895","A","Official figure"
"PP","Producer Prices","764","Thailand","5530","Producer Price (LCU/tonne)","0113","Rice","2015","2015","7002","February","LCU","7873","A","Official figure"
"PP","Producer Prices","764","Thailand","5530","Producer Price (LCU/tonne)","0113","Rice","2015","2015","7003","March","LCU","7723","A","Official figure"
"PP","Producer Prices","764","Thailand","5530","Producer Price (LCU/tonne)","0113","Rice","2015","2015","7004","April","LCU","7607","A","Official figure"
"PP","Producer Prices","764","Thailand","5530","Producer Price (LCU/tonne)","0113","Rice","2015","2015","7005","May","LCU","7674","A","Official figure"
"PP","Producer Prices","764","Thailand","5530","Producer Price (LCU/tonne)","0113","Rice","2015","2015","7006","June","LCU","7624","A","Official figure"
"PP","Producer Prices","764","Thailand","5530","Producer Price (LCU/tonne)","0113","Rice","2015","2015","7007","July","LCU","8029","A","Official figure"
"PP","Producer Prices","764","Thailand","5530","Producer Price (LCU/tonne)","0113","Rice","2015","2015","7008","August","LCU","8121","A","Official figure"
"PP","Producer Prices","764","Thailand","5530","Producer Price (LCU/tonne)","0113","Rice","2015","2015","7009","September","LCU","7614","A","Official figure"
"PP","Producer Prices","764","Thailand","5530","Producer Price (LCU/tonne)","0113","Rice","2015","2015","7010","October","LCU","7676","A","Official figure"
"PP","Producer Prices","764","Thailand","5530","Producer Price (LCU/tonne)","0113","Rice","2015","2015","7011","November","LCU","7698","A","Official figure"
"PP","Producer Prices","764","Thailand","5530","Producer Price (LCU/tonne)","0113","Rice","2015","2015","7012","December","LCU","7543","A","Official figure"
"PP","Producer Prices","764","Thailand","5530","Producer Price (LCU/tonne)","0113","Rice","2016","2016","7021","Annual value","LCU","8073.1","A","Official figure"
"PP","Producer Prices","764","Thailand","5530","Producer Price (LCU/tonne)","0113","Rice","2016","2016","7001","January","LCU","8358","A","Official figure"
"PP","Producer Prices","764","Thailand","5530","Producer Price (LCU/tonne)","0113","Rice","2016","2016","7002","February","LCU","8025","A","Official figure"
"PP","Producer Prices","764","Thailand","5530","Producer Price (LCU/tonne)","0113","Rice","2016","2016","7003","March","LCU","7798","A","Official figure"
"PP","Producer Prices","764","Thailand","5530","Producer Price (LCU/tonne)","0113","Rice","2016","2016","7004","April","LCU","7752","A","Official figure"
"PP","Producer Prices","764","Thailand","5530","Producer Price (LCU/tonne)","0113","Rice","2016","2016","7005","May","LCU","8170","A","Official figure"
"PP","Producer Prices","764","Thailand","5530","Producer Price (LCU/tonne)","0113","Rice","2016","2016","7006","June","LCU","8545","A","Official figure"
"PP","Producer Prices","764","Thailand","5530","Producer Price (LCU/tonne)","0113","Rice","2016","2016","7007","July","LCU","8759","A","Official figure"
"PP","Producer Prices","764","Thailand","5530","Producer Price (LCU/tonne)","0113","Rice","2016","2016","7008","August","LCU","9124","A","Official figure"
"PP","Producer Prices","764","Thailand","5530","Producer Price (LCU/tonne)","0113","Rice","2016","2016","7009","September","LCU","8668","A","Official figure"
"PP","Producer Prices","764","Thailand","5530","Producer Price (LCU/tonne)","0113","Rice","2016","2016","7010","October","LCU","8501","A","Official figure"
"PP","Producer Prices","764","Thailand","5530","Producer Price (LCU/tonne)","0113","Rice","2016","2016","7011","November","LCU","7606","A","Official figure"
"PP","Producer Prices","764","Thailand","5530","Producer Price (LCU/tonne)","0113","Rice","2016","2016","7012","December","LCU","8397","A","Official figure"
"PP","Producer Prices","764","Thailand","5530","Producer Price (LCU/tonne)","0113","Rice","2017","2017","7021","Annual value","LCU","8870","A","Official figure"
"PP","Producer Prices","764","Thailand","5530","Producer Price (LCU/tonne)","0113","Rice","2017","2017","7001","January","LCU","8137","A","Official figure"
"PP","Producer Prices","764","Thailand","5530","Producer Price (LCU/tonne)","0113","Rice","2017","2017","7002","February","LCU","7436","A","Official figure"
"PP","Producer Prices","764","Thailand","5530","Producer Price (LCU/tonne)","0113","Rice","2017","2017","7003","March","LCU","7483","A","Official figure"
"PP","Producer Prices","764","Thailand","5530","Producer Price (LCU/tonne)","0113","Rice","2017","2017","7004","April","LCU","7552","A","Official figure"
"PP","Producer Prices","764","Thailand","5530","Producer Price (LCU/tonne)","0113","Rice","2017","2017","7005","May","LCU","7664","A","Official figure"
"PP","Producer Prices","764","Thailand","5530","Producer Price (LCU/tonne)","0113","Rice","2017","2017","7006","June","LCU","8152","A","Official figure"
"PP","Producer Prices","764","Thailand","5530","Producer Price (LCU/tonne)","0113","Rice","2017","2017","7007","July","LCU","8084","A","Official figure"
"PP","Producer Prices","764","Thailand","5530","Producer Price (LCU/tonne)","0113","Rice","2017","2017","7008","August","LCU","7983","A","Official figure"
"PP","Producer Prices","764","Thailand","5530","Producer Price (LCU/tonne)","0113","Rice","2017","2017","7009","September","LCU","8282","A","Official figure"
"PP","Producer Prices","764","Thailand","5530","Producer Price (LCU/tonne)","0113","Rice","2017","2017","7010","October","LCU","8499","A","Official figure"
"PP","Producer Prices","764","Thailand","5530","Producer Price (LCU/tonne)","0113","Rice","2017","2017","7011","November","LCU","9372","A","Official figure"
"PP","Producer Prices","764","Thailand","5530","Producer Price (LCU/tonne)","0113","Rice","2017","2017","7012","December","LCU","9537","A","Official figure"
"PP","Producer Prices","764","Thailand","5530","Producer Price (LCU/tonne)","0113","Rice","2018","2018","7021","Annual value","LCU","9896","A","Official figure"
"PP","Producer Prices","764","Thailand","5530","Producer Price (LCU/tonne)","0113","Rice","2018","2018","7001","January","LCU","8524","A","Official figure"
"PP","Producer Prices","764","Thailand","5530","Producer Price (LCU/tonne)","0113","Rice","2018","2018","7002","February","LCU","7884","A","Official figure"
"PP","Producer Prices","764","Thailand","5530","Producer Price (LCU/tonne)","0113","Rice","2018","2018","7003","March","LCU","7685","A","Official figure"
"PP","Producer Prices","764","Thailand","5530","Producer Price (LCU/tonne)","0113","Rice","2018","2018","7004","April","LCU","7887","A","Official figure"
"PP","Producer Prices","764","Thailand","5530","Producer Price (LCU/tonne)","0113","Rice","2018","2018","7005","May","LCU","8129","A","Official figure"
"PP","Producer Prices","764","Thailand","5530","Producer Price (LCU/tonne)","0113","Rice","2018","2018","7006","June","LCU","8102","A","Official figure"
"PP","Producer Prices","764","Thailand","5530","Producer Price (LCU/tonne)","0113","Rice","2018","2018","7007","July","LCU","7673","A","Official figure"
"PP","Producer Prices","764","Thailand","5530","Producer Price (LCU/tonne)","0113","Rice","2018","2018","7008","August","LCU","8164","A","Official figure"
"PP","Producer Prices","764","Thailand","5530","Producer Price (LCU/tonne)","0113","Rice","2018","2018","7009","September","LCU","8344","A","Official figure"
"PP","Producer Prices","764","Thailand","5530","Producer Price (LCU/tonne)","0113","Rice","2018","2018","7010","October","LCU","8980","A","Official figure"
"PP","Producer Prices","764","Thailand","5530","Producer Price (LCU/tonne)","0113","Rice","2018","2018","7011","November","LCU","9751","A","Official figure"
"PP","Producer Prices","764","Thailand","5530","Producer Price (LCU/tonne)","0113","Rice","2018","2018","7012","December","LCU","9977","A","Official figure"
"PP","Producer Prices","764","Thailand","5530","Producer Price (LCU/tonne)","0113","Rice","2019","2019","7021","Annual value","LCU","10726","A","Official figure"
"PP","Producer Prices","764","Thailand","5530","Producer Price (LCU/tonne)","0113","Rice","2019","2019","7001","January","LCU","8927","A","Official figure"
"PP","Producer Prices","764","Thailand","5530","Producer Price (LCU/tonne)","0113","Rice","2019","2019","7002","February","LCU","7844","A","Official figure"
"PP","Producer Prices","764","Thailand","5530","Producer Price (LCU/tonne)","0113","Rice","2019","2019","7003","March","LCU","7629","A","Official figure"
"PP","Producer Prices","764","Thailand","5530","Producer Price (LCU/tonne)","0113","Rice","2019","2019","7004","April","LCU","7839","A","Official figure"
"PP","Producer Prices","764","Thailand","5530","Producer Price (LCU/tonne)","0113","Rice","2019","2019","7005","May","LCU","7834","A","Official figure"
"PP","Producer Prices","764","Thailand","5530","Producer Price (LCU/tonne)","0113","Rice","2019","2019","7006","June","LCU","7782","A","Official figure"
"PP","Producer Prices","764","Thailand","5530","Producer Price (LCU/tonne)","0113","Rice","2019","2019","7007","July","LCU","7694","A","Official figure"
"PP","Producer Prices","764","Thailand","5530","Producer Price (LCU/tonne)","0113","Rice","2019","2019","7008","August","LCU","8444","A","Official figure"
"PP","Producer Prices","764","Thailand","5530","Producer Price (LCU/tonne)","0113","Rice","2019","2019","7009","September","LCU","9562","A","Official figure"
"PP","Producer Prices","764","Thailand","5530","Producer Price (LCU/tonne)","0113","Rice","2019","2019","7010","October","LCU","11164","A","Official figure"
"PP","Producer Prices","764","Thailand","5530","Producer Price (LCU/tonne)","0113","Rice","2019","2019","7011","November","LCU","12087","A","Official figure"
"PP","Producer Prices","764","Thailand","5530","Producer Price (LCU/tonne)","0113","Rice","2019","2019","7012","December","LCU","11309","A","Official figure"
"PP","Producer Prices","764","Thailand","5530","Producer Price (LCU/tonne)","0113","Rice","2020","2020","7021","Annual value","LCU","9199.4","A","Official figure"
"PP","Producer Prices","764","Thailand","5530","Producer Price (LCU/tonne)","0113","Rice","2020","2020","7001","January","LCU","9284","A","Official figure"
"PP","Producer Prices","764","Thailand","5530","Producer Price (LCU/tonne)","0113","Rice","2020","2020","7002","February","LCU","8365.9","A","Official figure"
"PP","Producer Prices","764","Thailand","5530","Producer Price (LCU/tonne)","0113","Rice","2020","2020","7003","March","LCU","8669.3","A","Official figure"
"PP","Producer Prices","764","Thailand","5530","Producer Price (LCU/tonne)","0113","Rice","2020","2020","7004","April","LCU","9454.5","A","Official figure"
"PP","Producer Prices","764","Thailand","5530","Producer Price (LCU/tonne)","0113","Rice","2020","2020","7005","May","LCU","9319","A","Official figure"
"PP","Producer Prices","764","Thailand","5530","Producer Price (LCU/tonne)","0113","Rice","2020","2020","7006","June","LCU","9052","A","Official figure"
"PP","Producer Prices","764","Thailand","5530","Producer Price (LCU/tonne)","0113","Rice","2020","2020","7007","July","LCU","8910","A","Official figure"
"PP","Producer Prices","764","Thailand","5530","Producer Price (LCU/tonne)","0113","Rice","2020","2020","7008","August","LCU","9734.4","A","Official figure"
"PP","Producer Prices","764","Thailand","5530","Producer Price (LCU/tonne)","0113","Rice","2020","2020","7009","September","LCU","10492.2","A","Official figure"
"PP","Producer Prices","764","Thailand","5530","Producer Price (LCU/tonne)","0113","Rice","2020","2020","7010","October","LCU","10143.3","A","Official figure"
"PP","Producer Prices","764","Thailand","5530","Producer Price (LCU/tonne)","0113","Rice","2020","2020","7011","November","LCU","9629.1","A","Official figure"
"PP","Producer Prices","764","Thailand","5530","Producer Price (LCU/tonne)","0113","Rice","2020","2020","7012","December","LCU","9908.6","A","Official figure"
"PP","Producer Prices","764","Thailand","5530","Producer Price (LCU/tonne)","0113","Rice","2021","2021","7021","Annual value","LCU","8651.7","A","Official figure"
"PP","Producer Prices","764","Thailand","5530","Producer Price (LCU/tonne)","0113","Rice","2021","2021","7001","January","LCU","9554.1","A","Official figure"
"PP","Producer Prices","764","Thailand","5530","Producer Price (LCU/tonne)","0113","Rice","2022","2022","7021","Annual value","LCU","10814.7","A","Official figure"
"PP","Producer Prices","764","Thailand","5530","Producer Price (LCU/tonne)","0113","Rice","2023","2023","7021","Annual value","LCU","11672.7","A","Official figure"
"PP","Producer Prices","764","Thailand","5530","Producer Price (LCU/tonne)","0113","Rice","2023","2023","7001","January","LCU","10243","A","Official figure"
"PP","Producer Prices","764","Thailand","5530","Producer Price (LCU/tonne)","0113","Rice","2023","2023","7002","February","LCU","9848","A","Official figure"
"PP","Producer Prices","764","Thailand","5530","Producer Price (LCU/tonne)","0113","Rice","2023","2023","7003","March","LCU","9768.2","A","Official figure"
"PP","Producer Prices","764","Thailand","5530","Producer Price (LCU/tonne)","0113","Rice","2023","2023","7004","April","LCU","9899.9","A","Official figure"
"PP","Producer Prices","764","Thailand","5530","Producer Price (LCU/tonne)","0113","Rice","2023","2023","7005","May","LCU","9914","A","Official figure"
"PP","Producer Prices","764","Thailand","5530","Producer Price (LCU/tonne)","0113","Rice","2023","2023","7006","June","LCU","9959","A","Official figure"
"PP","Producer Prices","764","Thailand","5530","Producer Price (LCU/tonne)","0113","Rice","2023","2023","7007","July","LCU","10483","A","Official figure"
"PP","Producer Prices","764","Thailand","5530","Producer Price (LCU/tonne)","0113","Rice","2023","2023","7008","August","LCU","11986.5","A","Official figure"
"PP","Producer Prices","764","Thailand","5530","Producer Price (LCU/tonne)","0113","Rice","2023","2023","7009","September","LCU","13315.7","A","Official figure"
"PP","Producer Prices","764","Thailand","5530","Producer Price (LCU/tonne)","0113","Rice","2023","2023","7010","October","LCU","13266.9","A","Official figure"
"PP","Producer Prices","764","Thailand","5530","Producer Price (LCU/tonne)","0113","Rice","2023","2023","7011","November","LCU","11899.9","A","Official figure"
"PP","Producer Prices","764","Thailand","5530","Producer Price (LCU/tonne)","0113","Rice","2023","2023","7012","December","LCU","11737.5","A","Official figure"
"PP","Producer Prices","764","Thailand","5531","Producer Price (SLC/tonne)","0113","Rice","1991","1991","7021","Annual value","SLC","4089","A","Official figure"
"PP","Producer Prices","764","Thailand","5531","Producer Price (SLC/tonne)","0113","Rice","1992","1992","7021","Annual value","SLC","3822","A","Official figure"
"PP","Producer Prices","764","Thailand","5531","Producer Price (SLC/tonne)","0113","Rice","1993","1993","7021","Annual value","SLC","3215","A","Official figure"
"PP","Producer Prices","764","Thailand","5531","Producer Price (SLC/tonne)","0113","Rice","1994","1994","7021","Annual value","SLC","3854","A","Official figure"
"PP","Producer Prices","764","Thailand","5531","Producer Price (SLC/tonne)","0113","Rice","1995","1995","7021","Annual value","SLC","4132","A","Official figure"
"PP","Producer Prices","764","Thailand","5531","Producer Price (SLC/tonne)","0113","Rice","1996","1996","7021","Annual value","SLC","5189","A","Official figure"
"PP","Producer Prices","764","Thailand","5531","Producer Price (SLC/tonne)","0113","Rice","1997","1997","7021","Annual value","SLC","6654","A","Official figure"
"PP","Producer Prices","764","Thailand","5531","Producer Price (SLC/tonne)","0113","Rice","1998","1998","7021","Annual value","SLC","5759","A","Official figure"
"PP","Producer Prices","764","Thailand","5531","Producer Price (SLC/tonne)","0113","Rice","1999","1999","7021","Annual value","SLC","4856","A","Official figure"
"PP","Producer Prices","764","Thailand","5531","Producer Price (SLC/tonne)","0113","Rice","2000","2000","7021","Annual value","SLC","4351","A","Official figure"
"PP","Producer Prices","764","Thailand","5531","Producer Price (SLC/tonne)","0113","Rice","2001","2001","7021","Annual value","SLC","4825","A","Official figure"
"PP","Producer Prices","764","Thailand","5531","Producer Price (SLC/tonne)","0113","Rice","2002","2002","7021","Annual value","SLC","5051","A","Official figure"
"PP","Producer Prices","764","Thailand","5531","Producer Price (SLC/tonne)","0113","Rice","2003","2003","7021","Annual value","SLC","5569","A","Official figure"
"PP","Producer Prices","764","Thailand","5531","Producer Price (SLC/tonne)","0113","Rice","2004","2004","7021","Annual value","SLC","6653","A","Official figure"
"PP","Producer Prices","764","Thailand","5531","Producer Price (SLC/tonne)","0113","Rice","2005","2005","7021","Annual value","SLC","6922","A","Official figure"
"PP","Producer Prices","764","Thailand","5531","Producer Price (SLC/tonne)","0113","Rice","2006","2006","7021","Annual value","SLC","6832","A","Official figure"
"PP","Producer Prices","764","Thailand","5531","Producer Price (SLC/tonne)","0113","Rice","2007","2007","7021","Annual value","SLC","11271","A","Official figure"
"PP","Producer Prices","764","Thailand","5531","Producer Price (SLC/tonne)","0113","Rice","2008","2008","7021","Annual value","SLC","9689","A","Official figure"
"PP","Producer Prices","764","Thailand","5531","Producer Price (SLC/tonne)","0113","Rice","2009","2009","7021","Annual value","SLC","8840","A","Official figure"
"PP","Producer Prices","764","Thailand","5531","Producer Price (SLC/tonne)","0113","Rice","2010","2010","7021","Annual value","SLC","8558","A","Official figure"
"PP","Producer Prices","764","Thailand","5531","Producer Price (SLC/tonne)","0113","Rice","2011","2011","7021","Annual value","SLC","10227","A","Official figure"
"PP","Producer Prices","764","Thailand","5531","Producer Price (SLC/tonne)","0113","Rice","2012","2012","7021","Annual value","SLC","9886","A","Official figure"
"PP","Producer Prices","764","Thailand","5531","Producer Price (SLC/tonne)","0113","Rice","2013","2013","7021","Annual value","SLC","7893","A","Official figure"
"PP","Producer Prices","764","Thailand","5531","Producer Price (SLC/tonne)","0113","Rice","2014","2014","7021","Annual value","SLC","7815","A","Official figure"
"PP","Producer Prices","764","Thailand","5531","Producer Price (SLC/tonne)","0113","Rice","2015","2015","7021","Annual value","SLC","9069.6","A","Official figure"
"PP","Producer Prices","764","Thailand","5531","Producer Price (SLC/tonne)","0113","Rice","2016","2016","7021","Annual value","SLC","8073.1","A","Official figure"
"PP","Producer Prices","764","Thailand","5531","Producer Price (SLC/tonne)","0113","Rice","2017","2017","7021","Annual value","SLC","8870","A","Official figure"
"PP","Producer Prices","764","Thailand","5531","Producer Price (SLC/tonne)","0113","Rice","2018","2018","7021","Annual value","SLC","9896","A","Official figure"
"PP","Producer Prices","764","Thailand","5531","Producer Price (SLC/tonne)","0113","Rice","2019","2019","7021","Annual value","SLC","10726","A","Official figure"
"PP","Producer Prices","764","Thailand","5531","Producer Price (SLC/tonne)","0113","Rice","2020","2020","7021","Annual value","SLC","9199.4","A","Official figure"
"PP","Producer Prices","764","Thailand","5531","Producer Price (SLC/tonne)","0113","Rice","2021","2021","7021","Annual value","SLC","8651.7","A","Official figure"
"PP","Producer Prices","764","Thailand","5531","Producer Price (SLC/tonne)","0113","Rice","2022","2022","7021","Annual value","SLC","10814.7","A","Official figure"
"PP","Producer Prices","764","Thailand","5531","Producer Price (SLC/tonne)","0113","Rice","2023","2023","7021","Annual value","SLC","11672.7","A","Official figure"
"PP","Producer Prices","764","Thailand","5532","Producer Price (USD/tonne)","0113","Rice","1991","1991","7021","Annual value","USD","160.2","A","Official figure"
"PP","Producer Prices","764","Thailand","5532","Producer Price (USD/tonne)","0113","Rice","1992","1992","7021","Annual value","USD","150.5","A","Official figure"
"PP","Producer Prices","764","Thailand","5532","Producer Price (USD/tonne)","0113","Rice","1993","1993","7021","Annual value","USD","127","A","Official figure"
"PP","Producer Prices","764","Thailand","5532","Producer Price (USD/tonne)","0113","Rice","1994","1994","7021","Annual value","USD","153.2","A","Official figure"
"PP","Producer Prices","764","Thailand","5532","Producer Price (USD/tonne)","0113","Rice","1995","1995","7021","Annual value","USD","165.8","A","Official figure"
"PP","Producer Prices","764","Thailand","5532","Producer Price (USD/tonne)","0113","Rice","1996","1996","7021","Annual value","USD","204.8","A","Official figure"
"PP","Producer Prices","764","Thailand","5532","Producer Price (USD/tonne)","0113","Rice","1997","1997","7021","Annual value","USD","212.2","A","Official figure"
"PP","Producer Prices","764","Thailand","5532","Producer Price (USD/tonne)","0113","Rice","1998","1998","7021","Annual value","USD","139.2","A","Official figure"
"PP","Producer Prices","764","Thailand","5532","Producer Price (USD/tonne)","0113","Rice","1999","1999","7021","Annual value","USD","128.4","A","Official figure"
"PP","Producer Prices","764","Thailand","5532","Producer Price (USD/tonne)","0113","Rice","2000","2000","7021","Annual value","USD","108.5","A","Official figure"
"PP","Producer Prices","764","Thailand","5532","Producer Price (USD/tonne)","0113","Rice","2001","2001","7021","Annual value","USD","108.6","A","Official figure"
"PP","Producer Prices","764","Thailand","5532","Producer Price (USD/tonne)","0113","Rice","2002","2002","7021","Annual value","USD","117.6","A","Official figure"
"PP","Producer Prices","764","Thailand","5532","Producer Price (USD/tonne)","0113","Rice","2003","2003","7021","Annual value","USD","134.2","A","Official figure"
"PP","Producer Prices","764","Thailand","5532","Producer Price (USD/tonne)","0113","Rice","2004","2004","7021","Annual value","USD","165.4","A","Official figure"
"PP","Producer Prices","764","Thailand","5532","Producer Price (USD/tonne)","0113","Rice","2005","2005","7021","Annual value","USD","172.1","A","Official figure"
"PP","Producer Prices","764","Thailand","5532","Producer Price (USD/tonne)","0113","Rice","2006","2006","7021","Annual value","USD","180.3","A","Official figure"
"PP","Producer Prices","764","Thailand","5532","Producer Price (USD/tonne)","0113","Rice","2007","2007","7021","Annual value","USD","326.5","A","Official figure"
"PP","Producer Prices","764","Thailand","5532","Producer Price (USD/tonne)","0113","Rice","2008","2008","7021","Annual value","USD","290.8","A","Official figure"
"PP","Producer Prices","764","Thailand","5532","Producer Price (USD/tonne)","0113","Rice","2009","2009","7021","Annual value","USD","257.8","A","Official figure"
"PP","Producer Prices","764","Thailand","5532","Producer Price (USD/tonne)","0113","Rice","2010","2010","7021","Annual value","USD","270.1","A","Official figure"
"PP","Producer Prices","764","Thailand","5532","Producer Price (USD/tonne)","0113","Rice","2011","2011","7021","Annual value","USD","335.4","A","Official figure"
"PP","Producer Prices","764","Thailand","5532","Producer Price (USD/tonne)","0113","Rice","2012","2012","7021","Annual value","USD","318.1","A","Official figure"
"PP","Producer Prices","764","Thailand","5532","Producer Price (USD/tonne)","0113","Rice","2013","2013","7021","Annual value","USD","256.9","A","Official figure"
"PP","Producer Prices","764","Thailand","5532","Producer Price (USD/tonne)","0113","Rice","2014","2014","7021","Annual value","USD","240.6","A","Official figure"
"PP","Producer Prices","764","Thailand","5532","Producer Price (USD/tonne)","0113","Rice","2015","2015","7021","Annual value","USD","264.8","A","Official figure"
"PP","Producer Prices","764","Thailand","5532","Producer Price (USD/tonne)","0113","Rice","2016","2016","7021","Annual value","USD","228.7","A","Official figure"
"PP","Producer Prices","764","Thailand","5532","Producer Price (USD/tonne)","0113","Rice","2017","2017","7021","Annual value","USD","261.3","A","Official figure"
"PP","Producer Prices","764","Thailand","5532","Producer Price (USD/tonne)","0113","Rice","2018","2018","7021","Annual value","USD","306.3","A","Official figure"
"PP","Producer Prices","764","Thailand","5532","Producer Price (USD/tonne)","0113","Rice","2019","2019","7021","Annual value","USD","345.5","A","Official figure"
"PP","Producer Prices","764","Thailand","5532","Producer Price (USD/tonne)","0113","Rice","2020","2020","7021","Annual value","USD","294","A","Official figure"
"PP","Producer Prices","764","Thailand","5532","Producer Price (USD/tonne)","0113","Rice","2021","2021","7021","Annual value","USD","270.6","A","Official figure"
"PP","Producer Prices","764","Thailand","5532","Producer Price (USD/tonne)","0113","Rice","2022","2022","7021","Annual value","USD","308.5","A","Official figure"
"PP","Producer Prices","764","Thailand","5532","Producer Price (USD/tonne)","0113","Rice","2023","2023","7021","Annual value","USD","335.4","A","Official figure"
"PP","Producer Prices","764","Thailand","5539","Producer Price Index (2014-2016 = 100)","0113","Rice","1991","1991","7021","Annual value","","49.15","I","Imputed value"
"PP","Producer Prices","764","Thailand","5539","Producer Price Index (2014-2016 = 100)","0113","Rice","1992","1992","7021","Annual value","","45.94","I","Imputed value"
"PP","Producer Prices","764","Thailand","5539","Producer Price Index (2014-2016 = 100)","0113","Rice","1993","1993","7021","Annual value","","38.65","I","Imputed value"
"PP","Producer Prices","764","Thailand","5539","Producer Price Index (2014-2016 = 100)","0113","Rice","1994","1994","7021","Annual value","","46.33","I","Imputed value"
"PP","Producer Prices","764","Thailand","5539","Producer Price Index (2014-2016 = 100)","0113","Rice","1995","1995","7021","Annual value","","49.67","I","Imputed value"
"PP","Producer Prices","764","Thailand","5539","Producer Price Index (2014-2016 = 100)","0113","Rice","1996","1996","7021","Annual value","","62.37","I","Imputed value"
"PP","Producer Prices","764","Thailand","5539","Producer Price Index (2014-2016 = 100)","0113","Rice","1997","1997","7021","Annual value","","79.98","I","Imputed value"
"PP","Producer Prices","764","Thailand","5539","Producer Price Index (2014-2016 = 100)","0113","Rice","1998","1998","7021","Annual value","","69.22","I","Imputed value"
"PP","Producer Prices","764","Thailand","5539","Producer Price Index (2014-2016 = 100)","0113","Rice","1999","1999","7021","Annual value","","58.37","I","Imputed value"
"PP","Producer Prices","764","Thailand","5539","Producer Price Index (2014-2016 = 100)","0113","Rice","2000","2000","7021","Annual value","","52.3","I","Imputed value"
"PP","Producer Prices","764","Thailand","5539","Producer Price Index (2014-2016 = 100)","0113","Rice","2001","2001","7021","Annual value","","58","I","Imputed value"
"PP","Producer Prices","764","Thailand","5539","Producer Price Index (2014-2016 = 100)","0113","Rice","2002","2002","7021","Annual value","","60.71","I","Imputed value"
"PP","Producer Prices","764","Thailand","5539","Producer Price Index (2014-2016 = 100)","0113","Rice","2003","2003","7021","Annual value","","66.94","I","Imputed value"
"PP","Producer Prices","764","Thailand","5539","Producer Price Index (2014-2016 = 100)","0113","Rice","2004","2004","7021","Annual value","","79.97","I","Imputed value"
"PP","Producer Prices","764","Thailand","5539","Producer Price Index (2014-2016 = 100)","0113","Rice","2005","2005","7021","Annual value","","83.2","I","Imputed value"
"PP","Producer Prices","764","Thailand","5539","Producer Price Index (2014-2016 = 100)","0113","Rice","2006","2006","7021","Annual value","","82.12","I","Imputed value"
"PP","Producer Prices","764","Thailand","5539","Producer Price Index (2014-2016 = 100)","0113","Rice","2007","2007","7021","Annual value","","135.48","I","Imputed value"
"PP","Producer Prices","764","Thailand","5539","Producer Price Index (2014-2016 = 100)","0113","Rice","2008","2008","7021","Annual value","","116.46","I","Imputed value"
"PP","Producer Prices","764","Thailand","5539","Producer Price Index (2014-2016 = 100)","0113","Rice","2009","2009","7021","Annual value","","106.26","I","Imputed value"
"PP","Producer Prices","764","Thailand","5539","Producer Price Index (2014-2016 = 100)","0113","Rice","2010","2010","7021","Annual value","","102.87","I","Imputed value"
"PP","Producer Prices","764","Thailand","5539","Producer Price Index (2014-2016 = 100)","0113","Rice","2011","2011","7021","Annual value","","122.93","I","Imputed value"
"PP","Producer Prices","764","Thailand","5539","Producer Price Index (2014-2016 = 100)","0113","Rice","2012","2012","7021","Annual value","","118.83","I","Imputed value"
"PP","Producer Prices","764","Thailand","5539","Producer Price Index (2014-2016 = 100)","0113","Rice","2013","2013","7021","Annual value","","94.88","I","Imputed value"
"PP","Producer Prices","764","Thailand","5539","Producer Price Index (2014-2016 = 100)","0113","Rice","2014","2014","7021","Annual value","","93.94","I","Imputed value"
"PP","Producer Prices","764","Thailand","5539","Producer Price Index (2014-2016 = 100)","0113","Rice","2015","2015","7021","Annual value","","109.02","I","Imputed value"
"PP","Producer Prices","764","Thailand","5539","Producer Price Index (2014-2016 = 100)","0113","Rice","2016","2016","7021","Annual value","","97.04","I","Imputed value"
"PP","Producer Prices","764","Thailand","5539","Producer Price Index (2014-2016 = 100)","0113","Rice","2017","2017","7021","Annual value","","106.62","I","Imputed value"
"PP","Producer Prices","764","Thailand","5539","Producer Price Index (2014-2016 = 100)","0113","Rice","2018","2018","7021","Annual value","","118.95","I","Imputed value"
"PP","Producer Prices","764","Thailand","5539","Producer Price Index (2014-2016 = 100)","0113","Rice","2019","2019","7021","Annual value","","128.93","I","Imputed value"
"PP","Producer Prices","764","Thailand","5539","Producer Price Index (2014-2016 = 100)","0113","Rice","2020","2020","7021","Annual value","","110.58","I","Imputed value"
"PP","Producer Prices","764","Thailand","5539","Producer Price Index (2014-2016 = 100)","0113","Rice","2021","2021","7021","Annual value","","104","I","Imputed value"
"PP","Producer Prices","764","Thailand","5539","Producer Price Index (2014-2016 = 100)","0113","Rice","2022","2022","7021","Annual value","","130","I","Imputed value"
"PP","Producer Prices","764","Thailand","5539","Producer Price Index (2014-2016 = 100)","0113","Rice","2023","2023","7021","Annual value","","140.31","I","Imputed value"
"PP","Producer Prices","764","Thailand","5539","Producer Price Index (2014-2016 = 100)","0113","Rice","2024","2024","7021","Annual value","","152.08","I","Imputed value"
"PP","Producer Prices","704","Viet Nam","5530","Producer Price (LCU/tonne)","0113","Rice","2000","2000","7021","Annual value","LCU","1747300","A","Official figure"
"PP","Producer Prices","704","Viet Nam","5530","Producer Price (LCU/tonne)","0113","Rice","2001","2001","7021","Annual value","LCU","1638900","A","Official figure"
"PP","Producer Prices","704","Viet Nam","5530","Producer Price (LCU/tonne)","0113","Rice","2002","2002","7021","Annual value","LCU","1780700","A","Official figure"
"PP","Producer Prices","704","Viet Nam","5530","Producer Price (LCU/tonne)","0113","Rice","2003","2003","7021","Annual value","LCU","1942000","A","Official figure"
"PP","Producer Prices","704","Viet Nam","5530","Producer Price (LCU/tonne)","0113","Rice","2004","2004","7021","Annual value","LCU","2273000","A","Official figure"
"PP","Producer Prices","704","Viet Nam","5530","Producer Price (LCU/tonne)","0113","Rice","2005","2005","7021","Annual value","LCU","2643000","A","Official figure"
"PP","Producer Prices","704","Viet Nam","5530","Producer Price (LCU/tonne)","0113","Rice","2006","2006","7021","Annual value","LCU","2484000","A","Official figure"
"PP","Producer Prices","704","Viet Nam","5530","Producer Price (LCU/tonne)","0113","Rice","2007","2007","7021","Annual value","LCU","3192000","A","Official figure"
"PP","Producer Prices","704","Viet Nam","5530","Producer Price (LCU/tonne)","0113","Rice","2008","2008","7021","Annual value","LCU","4671000","A","Official figure"
"PP","Producer Prices","704","Viet Nam","5530","Producer Price (LCU/tonne)","0113","Rice","2009","2009","7021","Annual value","LCU","5045000","A","Official figure"
"PP","Producer Prices","704","Viet Nam","5530","Producer Price (LCU/tonne)","0113","Rice","2010","2010","7021","Annual value","LCU","5389000","A","Official figure"
"PP","Producer Prices","704","Viet Nam","5530","Producer Price (LCU/tonne)","0113","Rice","2011","2011","7021","Annual value","LCU","6477000","A","Official figure"
"PP","Producer Prices","704","Viet Nam","5530","Producer Price (LCU/tonne)","0113","Rice","2011","2011","7003","March","LCU","5990000","A","Official figure"
"PP","Producer Prices","704","Viet Nam","5530","Producer Price (LCU/tonne)","0113","Rice","2011","2011","7006","June","LCU","6499000","A","Official figure"
"PP","Producer Prices","704","Viet Nam","5530","Producer Price (LCU/tonne)","0113","Rice","2011","2011","7009","September","LCU","6586000","A","Official figure"
"PP","Producer Prices","704","Viet Nam","5530","Producer Price (LCU/tonne)","0113","Rice","2011","2011","7012","December","LCU","6833000","A","Official figure"
"PP","Producer Prices","704","Viet Nam","5530","Producer Price (LCU/tonne)","0113","Rice","2012","2012","7021","Annual value","LCU","6234000","A","Official figure"
"PP","Producer Prices","704","Viet Nam","5530","Producer Price (LCU/tonne)","0113","Rice","2012","2012","7001","January","LCU","6741000","A","Official figure"
"PP","Producer Prices","704","Viet Nam","5530","Producer Price (LCU/tonne)","0113","Rice","2012","2012","7002","February","LCU","6612000","A","Official figure"
"PP","Producer Prices","704","Viet Nam","5530","Producer Price (LCU/tonne)","0113","Rice","2012","2012","7003","March","LCU","6475000","A","Official figure"
"PP","Producer Prices","704","Viet Nam","5530","Producer Price (LCU/tonne)","0113","Rice","2012","2012","7004","April","LCU","6332000","A","Official figure"
"PP","Producer Prices","704","Viet Nam","5530","Producer Price (LCU/tonne)","0113","Rice","2012","2012","7005","May","LCU","6225000","A","Official figure"
"PP","Producer Prices","704","Viet Nam","5530","Producer Price (LCU/tonne)","0113","Rice","2012","2012","7006","June","LCU","6057000","A","Official figure"
"PP","Producer Prices","704","Viet Nam","5530","Producer Price (LCU/tonne)","0113","Rice","2012","2012","7007","July","LCU","5951000","A","Official figure"
"PP","Producer Prices","704","Viet Nam","5530","Producer Price (LCU/tonne)","0113","Rice","2012","2012","7008","August","LCU","5930000","A","Official figure"
"PP","Producer Prices","704","Viet Nam","5530","Producer Price (LCU/tonne)","0113","Rice","2012","2012","7009","September","LCU","6001000","A","Official figure"
"PP","Producer Prices","704","Viet Nam","5530","Producer Price (LCU/tonne)","0113","Rice","2012","2012","7010","October","LCU","6133000","A","Official figure"
"PP","Producer Prices","704","Viet Nam","5530","Producer Price (LCU/tonne)","0113","Rice","2012","2012","7011","November","LCU","6106000","A","Official figure"
"PP","Producer Prices","704","Viet Nam","5530","Producer Price (LCU/tonne)","0113","Rice","2012","2012","7012","December","LCU","6242000","A","Official figure"
"PP","Producer Prices","704","Viet Nam","5530","Producer Price (LCU/tonne)","0113","Rice","2013","2013","7021","Annual value","LCU","6157000","A","Official figure"
"PP","Producer Prices","704","Viet Nam","5530","Producer Price (LCU/tonne)","0113","Rice","2013","2013","7001","January","LCU","6234000","A","Official figure"
"PP","Producer Prices","704","Viet Nam","5530","Producer Price (LCU/tonne)","0113","Rice","2013","2013","7002","February","LCU","6289000","A","Official figure"
"PP","Producer Prices","704","Viet Nam","5530","Producer Price (LCU/tonne)","0113","Rice","2013","2013","7003","March","LCU","6174000","A","Official figure"
"PP","Producer Prices","704","Viet Nam","5530","Producer Price (LCU/tonne)","0113","Rice","2013","2013","7004","April","LCU","6174000","A","Official figure"
"PP","Producer Prices","704","Viet Nam","5530","Producer Price (LCU/tonne)","0113","Rice","2013","2013","7005","May","LCU","6007000","A","Official figure"
"PP","Producer Prices","704","Viet Nam","5530","Producer Price (LCU/tonne)","0113","Rice","2013","2013","7006","June","LCU","5871000","A","Official figure"
"PP","Producer Prices","704","Viet Nam","5530","Producer Price (LCU/tonne)","0113","Rice","2013","2013","7007","July","LCU","5972000","A","Official figure"
"PP","Producer Prices","704","Viet Nam","5530","Producer Price (LCU/tonne)","0113","Rice","2013","2013","7008","August","LCU","6111000","A","Official figure"
"PP","Producer Prices","704","Viet Nam","5530","Producer Price (LCU/tonne)","0113","Rice","2013","2013","7009","September","LCU","6066000","A","Official figure"
"PP","Producer Prices","704","Viet Nam","5530","Producer Price (LCU/tonne)","0113","Rice","2013","2013","7010","October","LCU","6208000","A","Official figure"
"PP","Producer Prices","704","Viet Nam","5530","Producer Price (LCU/tonne)","0113","Rice","2013","2013","7011","November","LCU","6367000","A","Official figure"
"PP","Producer Prices","704","Viet Nam","5530","Producer Price (LCU/tonne)","0113","Rice","2013","2013","7012","December","LCU","6418000","A","Official figure"
"PP","Producer Prices","704","Viet Nam","5530","Producer Price (LCU/tonne)","0113","Rice","2014","2014","7021","Annual value","LCU","6446000","A","Official figure"
"PP","Producer Prices","704","Viet Nam","5530","Producer Price (LCU/tonne)","0113","Rice","2014","2014","7001","January","LCU","6535000","A","Official figure"
"PP","Producer Prices","704","Viet Nam","5530","Producer Price (LCU/tonne)","0113","Rice","2014","2014","7002","February","LCU","6568000","A","Official figure"
"PP","Producer Prices","704","Viet Nam","5530","Producer Price (LCU/tonne)","0113","Rice","2014","2014","7003","March","LCU","6524000","A","Official figure"
"PP","Producer Prices","704","Viet Nam","5530","Producer Price (LCU/tonne)","0113","Rice","2014","2014","7004","April","LCU","6475000","A","Official figure"
"PP","Producer Prices","704","Viet Nam","5530","Producer Price (LCU/tonne)","0113","Rice","2014","2014","7005","May","LCU","6494000","A","Official figure"
"PP","Producer Prices","704","Viet Nam","5530","Producer Price (LCU/tonne)","0113","Rice","2014","2014","7006","June","LCU","6348000","A","Official figure"
"PP","Producer Prices","704","Viet Nam","5530","Producer Price (LCU/tonne)","0113","Rice","2014","2014","7007","July","LCU","6336000","A","Official figure"
"PP","Producer Prices","704","Viet Nam","5530","Producer Price (LCU/tonne)","0113","Rice","2014","2014","7008","August","LCU","6397000","A","Official figure"
"PP","Producer Prices","704","Viet Nam","5530","Producer Price (LCU/tonne)","0113","Rice","2014","2014","7009","September","LCU","6409000","A","Official figure"
"PP","Producer Prices","704","Viet Nam","5530","Producer Price (LCU/tonne)","0113","Rice","2014","2014","7010","October","LCU","6397000","A","Official figure"
"PP","Producer Prices","704","Viet Nam","5530","Producer Price (LCU/tonne)","0113","Rice","2014","2014","7011","November","LCU","6437000","A","Official figure"
"PP","Producer Prices","704","Viet Nam","5530","Producer Price (LCU/tonne)","0113","Rice","2014","2014","7012","December","LCU","6440000","A","Official figure"
"PP","Producer Prices","704","Viet Nam","5530","Producer Price (LCU/tonne)","0113","Rice","2015","2015","7021","Annual value","LCU","6229000","A","Official figure"
"PP","Producer Prices","704","Viet Nam","5530","Producer Price (LCU/tonne)","0113","Rice","2015","2015","7001","January","LCU","6451000","A","Official figure"
"PP","Producer Prices","704","Viet Nam","5530","Producer Price (LCU/tonne)","0113","Rice","2015","2015","7002","February","LCU","6402000","A","Official figure"
"PP","Producer Prices","704","Viet Nam","5530","Producer Price (LCU/tonne)","0113","Rice","2015","2015","7003","March","LCU","6383000","A","Official figure"
"PP","Producer Prices","704","Viet Nam","5530","Producer Price (LCU/tonne)","0113","Rice","2015","2015","7004","April","LCU","6339000","A","Official figure"
"PP","Producer Prices","704","Viet Nam","5530","Producer Price (LCU/tonne)","0113","Rice","2015","2015","7005","May","LCU","6230000","A","Official figure"
"PP","Producer Prices","704","Viet Nam","5530","Producer Price (LCU/tonne)","0113","Rice","2015","2015","7006","June","LCU","6173000","A","Official figure"
"PP","Producer Prices","704","Viet Nam","5530","Producer Price (LCU/tonne)","0113","Rice","2015","2015","7007","July","LCU","6136000","A","Official figure"
"PP","Producer Prices","704","Viet Nam","5530","Producer Price (LCU/tonne)","0113","Rice","2015","2015","7008","August","LCU","6144000","A","Official figure"
"PP","Producer Prices","704","Viet Nam","5530","Producer Price (LCU/tonne)","0113","Rice","2015","2015","7009","September","LCU","6066000","A","Official figure"
"PP","Producer Prices","704","Viet Nam","5530","Producer Price (LCU/tonne)","0113","Rice","2015","2015","7010","October","LCU","6132000","A","Official figure"
"PP","Producer Prices","704","Viet Nam","5530","Producer Price (LCU/tonne)","0113","Rice","2015","2015","7011","November","LCU","6154000","A","Official figure"
"PP","Producer Prices","704","Viet Nam","5530","Producer Price (LCU/tonne)","0113","Rice","2015","2015","7012","December","LCU","6156000","A","Official figure"
"PP","Producer Prices","704","Viet Nam","5530","Producer Price (LCU/tonne)","0113","Rice","2016","2016","7021","Annual value","LCU","6342000","A","Official figure"
"PP","Producer Prices","704","Viet Nam","5530","Producer Price (LCU/tonne)","0113","Rice","2016","2016","7001","January","LCU","6224000","A","Official figure"
"PP","Producer Prices","704","Viet Nam","5530","Producer Price (LCU/tonne)","0113","Rice","2016","2016","7002","February","LCU","5980000","A","Official figure"
"PP","Producer Prices","704","Viet Nam","5530","Producer Price (LCU/tonne)","0113","Rice","2016","2016","7003","March","LCU","6313000","A","Official figure"
"PP","Producer Prices","704","Viet Nam","5530","Producer Price (LCU/tonne)","0113","Rice","2016","2016","7004","April","LCU","6376000","A","Official figure"
"PP","Producer Prices","704","Viet Nam","5530","Producer Price (LCU/tonne)","0113","Rice","2016","2016","7005","May","LCU","6381000","A","Official figure"
"PP","Producer Prices","704","Viet Nam","5530","Producer Price (LCU/tonne)","0113","Rice","2016","2016","7006","June","LCU","6299220","A","Official figure"
"PP","Producer Prices","704","Viet Nam","5530","Producer Price (LCU/tonne)","0113","Rice","2016","2016","7007","July","LCU","6279130","A","Official figure"
"PP","Producer Prices","704","Viet Nam","5530","Producer Price (LCU/tonne)","0113","Rice","2016","2016","7008","August","LCU","6296610","A","Official figure"
"PP","Producer Prices","704","Viet Nam","5530","Producer Price (LCU/tonne)","0113","Rice","2016","2016","7009","September","LCU","6275840","A","Official figure"
"PP","Producer Prices","704","Viet Nam","5530","Producer Price (LCU/tonne)","0113","Rice","2016","2016","7010","October","LCU","6269500","A","Official figure"
"PP","Producer Prices","704","Viet Nam","5530","Producer Price (LCU/tonne)","0113","Rice","2016","2016","7011","November","LCU","6279760","A","Official figure"
"PP","Producer Prices","704","Viet Nam","5530","Producer Price (LCU/tonne)","0113","Rice","2016","2016","7012","December","LCU","6278880","A","Official figure"
"PP","Producer Prices","704","Viet Nam","5530","Producer Price (LCU/tonne)","0113","Rice","2017","2017","7021","Annual value","LCU","6366000","A","Official figure"
"PP","Producer Prices","704","Viet Nam","5530","Producer Price (LCU/tonne)","0113","Rice","2017","2017","7001","January","LCU","6411000","A","Official figure"
"PP","Producer Prices","704","Viet Nam","5530","Producer Price (LCU/tonne)","0113","Rice","2017","2017","7002","February","LCU","6351000","A","Official figure"
"PP","Producer Prices","704","Viet Nam","5530","Producer Price (LCU/tonne)","0113","Rice","2017","2017","7003","March","LCU","6394000","A","Official figure"
"PP","Producer Prices","704","Viet Nam","5530","Producer Price (LCU/tonne)","0113","Rice","2017","2017","7004","April","LCU","6404000","A","Official figure"
"PP","Producer Prices","704","Viet Nam","5530","Producer Price (LCU/tonne)","0113","Rice","2017","2017","7005","May","LCU","6322000","A","Official figure"
"PP","Producer Prices","704","Viet Nam","5530","Producer Price (LCU/tonne)","0113","Rice","2017","2017","7006","June","LCU","6269000","A","Official figure"
"PP","Producer Prices","704","Viet Nam","5530","Producer Price (LCU/tonne)","0113","Rice","2017","2017","7007","July","LCU","6276000","A","Official figure"
"PP","Producer Prices","704","Viet Nam","5530","Producer Price (LCU/tonne)","0113","Rice","2017","2017","7008","August","LCU","6315000","A","Official figure"
"PP","Producer Prices","704","Viet Nam","5530","Producer Price (LCU/tonne)","0113","Rice","2017","2017","7009","September","LCU","6310000","A","Official figure"
"PP","Producer Prices","704","Viet Nam","5530","Producer Price (LCU/tonne)","0113","Rice","2017","2017","7010","October","LCU","6331000","A","Official figure"
"PP","Producer Prices","704","Viet Nam","5530","Producer Price (LCU/tonne)","0113","Rice","2017","2017","7011","November","LCU","6475000","A","Official figure"
"PP","Producer Prices","704","Viet Nam","5530","Producer Price (LCU/tonne)","0113","Rice","2017","2017","7012","December","LCU","6540000","A","Official figure"
"PP","Producer Prices","704","Viet Nam","5530","Producer Price (LCU/tonne)","0113","Rice","2018","2018","7021","Annual value","LCU","6503764","A","Official figure"
"PP","Producer Prices","704","Viet Nam","5530","Producer Price (LCU/tonne)","0113","Rice","2018","2018","7001","January","LCU","6519000","A","Official figure"
"PP","Producer Prices","704","Viet Nam","5530","Producer Price (LCU/tonne)","0113","Rice","2018","2018","7002","February","LCU","6558370","A","Official figure"
"PP","Producer Prices","704","Viet Nam","5530","Producer Price (LCU/tonne)","0113","Rice","2018","2018","7003","March","LCU","6587220","A","Official figure"
"PP","Producer Prices","704","Viet Nam","5530","Producer Price (LCU/tonne)","0113","Rice","2018","2018","7004","April","LCU","6577460","A","Official figure"
"PP","Producer Prices","704","Viet Nam","5530","Producer Price (LCU/tonne)","0113","Rice","2018","2018","7005","May","LCU","6574670","A","Official figure"
"PP","Producer Prices","704","Viet Nam","5530","Producer Price (LCU/tonne)","0113","Rice","2018","2018","7006","June","LCU","6535630","A","Official figure"
"PP","Producer Prices","704","Viet Nam","5530","Producer Price (LCU/tonne)","0113","Rice","2018","2018","7007","July","LCU","6532440","A","Official figure"
"PP","Producer Prices","704","Viet Nam","5530","Producer Price (LCU/tonne)","0113","Rice","2018","2018","7008","August","LCU","6551390","A","Official figure"
"PP","Producer Prices","704","Viet Nam","5530","Producer Price (LCU/tonne)","0113","Rice","2018","2018","7009","September","LCU","6413760","A","Official figure"
"PP","Producer Prices","704","Viet Nam","5530","Producer Price (LCU/tonne)","0113","Rice","2018","2018","7010","October","LCU","6394080","A","Official figure"
"PP","Producer Prices","704","Viet Nam","5530","Producer Price (LCU/tonne)","0113","Rice","2018","2018","7011","November","LCU","6407770","A","Official figure"
"PP","Producer Prices","704","Viet Nam","5530","Producer Price (LCU/tonne)","0113","Rice","2018","2018","7012","December","LCU","6418150","A","Official figure"
"PP","Producer Prices","704","Viet Nam","5530","Producer Price (LCU/tonne)","0113","Rice","2019","2019","7021","Annual value","LCU","6476419.9","A","Official figure"
"PP","Producer Prices","704","Viet Nam","5530","Producer Price (LCU/tonne)","0113","Rice","2019","2019","7001","January","LCU","6674170","A","Official figure"
"PP","Producer Prices","704","Viet Nam","5530","Producer Price (LCU/tonne)","0113","Rice","2019","2019","7002","February","LCU","6676490","A","Official figure"
"PP","Producer Prices","704","Viet Nam","5530","Producer Price (LCU/tonne)","0113","Rice","2019","2019","7003","March","LCU","6622510","A","Official figure"
"PP","Producer Prices","704","Viet Nam","5530","Producer Price (LCU/tonne)","0113","Rice","2019","2019","7004","April","LCU","6519440","A","Official figure"
"PP","Producer Prices","704","Viet Nam","5530","Producer Price (LCU/tonne)","0113","Rice","2019","2019","7005","May","LCU","6454980","A","Official figure"
"PP","Producer Prices","704","Viet Nam","5530","Producer Price (LCU/tonne)","0113","Rice","2019","2019","7006","June","LCU","6386250","A","Official figure"
"PP","Producer Prices","704","Viet Nam","5530","Producer Price (LCU/tonne)","0113","Rice","2019","2019","7007","July","LCU","6370770","A","Official figure"
"PP","Producer Prices","704","Viet Nam","5530","Producer Price (LCU/tonne)","0113","Rice","2019","2019","7008","August","LCU","6382020","A","Official figure"
"PP","Producer Prices","704","Viet Nam","5530","Producer Price (LCU/tonne)","0113","Rice","2019","2019","7009","September","LCU","6386800","A","Official figure"
"PP","Producer Prices","704","Viet Nam","5530","Producer Price (LCU/tonne)","0113","Rice","2019","2019","7010","October","LCU","6372630","A","Official figure"
"PP","Producer Prices","704","Viet Nam","5530","Producer Price (LCU/tonne)","0113","Rice","2019","2019","7011","November","LCU","6412940","A","Official figure"
"PP","Producer Prices","704","Viet Nam","5530","Producer Price (LCU/tonne)","0113","Rice","2019","2019","7012","December","LCU","6469810","A","Official figure"
"PP","Producer Prices","704","Viet Nam","5530","Producer Price (LCU/tonne)","0113","Rice","2020","2020","7021","Annual value","LCU","6781682.3","A","Official figure"
"PP","Producer Prices","704","Viet Nam","5530","Producer Price (LCU/tonne)","0113","Rice","2020","2020","7001","January","LCU","6509660","A","Official figure"
"PP","Producer Prices","704","Viet Nam","5530","Producer Price (LCU/tonne)","0113","Rice","2020","2020","7002","February","LCU","6516260","A","Official figure"
"PP","Producer Prices","704","Viet Nam","5530","Producer Price (LCU/tonne)","0113","Rice","2020","2020","7003","March","LCU","6580220","A","Official figure"
"PP","Producer Prices","704","Viet Nam","5530","Producer Price (LCU/tonne)","0113","Rice","2020","2020","7004","April","LCU","6720780","A","Official figure"
"PP","Producer Prices","704","Viet Nam","5530","Producer Price (LCU/tonne)","0113","Rice","2020","2020","7005","May","LCU","6736580","A","Official figure"
"PP","Producer Prices","704","Viet Nam","5530","Producer Price (LCU/tonne)","0113","Rice","2020","2020","7006","June","LCU","6782430","A","Official figure"
"PP","Producer Prices","704","Viet Nam","5530","Producer Price (LCU/tonne)","0113","Rice","2020","2020","7007","July","LCU","6795360","A","Official figure"
"PP","Producer Prices","704","Viet Nam","5530","Producer Price (LCU/tonne)","0113","Rice","2020","2020","7008","August","LCU","6849760","A","Official figure"
"PP","Producer Prices","704","Viet Nam","5530","Producer Price (LCU/tonne)","0113","Rice","2020","2020","7009","September","LCU","6936260","A","Official figure"
"PP","Producer Prices","704","Viet Nam","5530","Producer Price (LCU/tonne)","0113","Rice","2020","2020","7010","October","LCU","6938870","A","Official figure"
"PP","Producer Prices","704","Viet Nam","5530","Producer Price (LCU/tonne)","0113","Rice","2020","2020","7011","November","LCU","6971560","A","Official figure"
"PP","Producer Prices","704","Viet Nam","5530","Producer Price (LCU/tonne)","0113","Rice","2020","2020","7012","December","LCU","7069290","A","Official figure"
"PP","Producer Prices","704","Viet Nam","5530","Producer Price (LCU/tonne)","0113","Rice","2021","2021","7021","Annual value","LCU","7633349","A","Official figure"
"PP","Producer Prices","704","Viet Nam","5530","Producer Price (LCU/tonne)","0113","Rice","2021","2021","7001","January","LCU","7518381.4","A","Official figure"
"PP","Producer Prices","704","Viet Nam","5530","Producer Price (LCU/tonne)","0113","Rice","2021","2021","7002","February","LCU","7537278.7","A","Official figure"
"PP","Producer Prices","704","Viet Nam","5530","Producer Price (LCU/tonne)","0113","Rice","2021","2021","7003","March","LCU","7513851.9","A","Official figure"
"PP","Producer Prices","704","Viet Nam","5530","Producer Price (LCU/tonne)","0113","Rice","2021","2021","7004","April","LCU","7731948.9","A","Official figure"
"PP","Producer Prices","704","Viet Nam","5530","Producer Price (LCU/tonne)","0113","Rice","2021","2021","7005","May","LCU","7411659.8","A","Official figure"
"PP","Producer Prices","704","Viet Nam","5530","Producer Price (LCU/tonne)","0113","Rice","2021","2021","7006","June","LCU","7452828.7","A","Official figure"
"PP","Producer Prices","704","Viet Nam","5530","Producer Price (LCU/tonne)","0113","Rice","2021","2021","7007","July","LCU","7525423.2","A","Official figure"
"PP","Producer Prices","704","Viet Nam","5530","Producer Price (LCU/tonne)","0113","Rice","2021","2021","7008","August","LCU","7731948.9","A","Official figure"
"PP","Producer Prices","704","Viet Nam","5530","Producer Price (LCU/tonne)","0113","Rice","2021","2021","7009","September","LCU","7762726.7","A","Official figure"
"PP","Producer Prices","704","Viet Nam","5530","Producer Price (LCU/tonne)","0113","Rice","2021","2021","7010","October","LCU","7765486.6","A","Official figure"
"PP","Producer Prices","704","Viet Nam","5530","Producer Price (LCU/tonne)","0113","Rice","2021","2021","7011","November","LCU","7803479.6","A","Official figure"
"PP","Producer Prices","704","Viet Nam","5530","Producer Price (LCU/tonne)","0113","Rice","2021","2021","7012","December","LCU","7862544.4","A","Official figure"
"PP","Producer Prices","704","Viet Nam","5530","Producer Price (LCU/tonne)","0113","Rice","2022","2022","7021","Annual value","LCU","7246927.7","A","Official figure"
"PP","Producer Prices","704","Viet Nam","5530","Producer Price (LCU/tonne)","0113","Rice","2022","2022","7001","January","LCU","7269654.2","A","Official figure"
"PP","Producer Prices","704","Viet Nam","5530","Producer Price (LCU/tonne)","0113","Rice","2022","2022","7002","February","LCU","7271681.9","A","Official figure"
"PP","Producer Prices","704","Viet Nam","5530","Producer Price (LCU/tonne)","0113","Rice","2022","2022","7003","March","LCU","7238010","A","Official figure"
"PP","Producer Prices","704","Viet Nam","5530","Producer Price (LCU/tonne)","0113","Rice","2022","2022","7004","April","LCU","7225960","A","Official figure"
"PP","Producer Prices","704","Viet Nam","5530","Producer Price (LCU/tonne)","0113","Rice","2022","2022","7005","May","LCU","7195780.9","A","Official figure"
"PP","Producer Prices","704","Viet Nam","5530","Producer Price (LCU/tonne)","0113","Rice","2022","2022","7006","June","LCU","7227580.1","A","Official figure"
"PP","Producer Prices","704","Viet Nam","5530","Producer Price (LCU/tonne)","0113","Rice","2022","2022","7007","July","LCU","7231129.4","A","Official figure"
"PP","Producer Prices","704","Viet Nam","5530","Producer Price (LCU/tonne)","0113","Rice","2022","2022","7008","August","LCU","7247014","A","Official figure"
"PP","Producer Prices","704","Viet Nam","5530","Producer Price (LCU/tonne)","0113","Rice","2022","2022","7009","September","LCU","7224841.3","A","Official figure"
"PP","Producer Prices","704","Viet Nam","5530","Producer Price (LCU/tonne)","0113","Rice","2022","2022","7010","October","LCU","7232694.8","A","Official figure"
"PP","Producer Prices","704","Viet Nam","5530","Producer Price (LCU/tonne)","0113","Rice","2022","2022","7011","November","LCU","7267933","A","Official figure"
"PP","Producer Prices","704","Viet Nam","5530","Producer Price (LCU/tonne)","0113","Rice","2022","2022","7012","December","LCU","7331761.7","A","Official figure"
"PP","Producer Prices","704","Viet Nam","5530","Producer Price (LCU/tonne)","0113","Rice","2023","2023","7021","Annual value","LCU","7772059.3","A","Official figure"
"PP","Producer Prices","704","Viet Nam","5530","Producer Price (LCU/tonne)","0113","Rice","2023","2023","7001","January","LCU","7381454.6","A","Official figure"
"PP","Producer Prices","704","Viet Nam","5530","Producer Price (LCU/tonne)","0113","Rice","2023","2023","7002","February","LCU","7421000.8","A","Official figure"
"PP","Producer Prices","704","Viet Nam","5530","Producer Price (LCU/tonne)","0113","Rice","2023","2023","7003","March","LCU","7454932.7","A","Official figure"
"PP","Producer Prices","704","Viet Nam","5530","Producer Price (LCU/tonne)","0113","Rice","2023","2023","7004","April","LCU","7550296.9","A","Official figure"
"PP","Producer Prices","704","Viet Nam","5530","Producer Price (LCU/tonne)","0113","Rice","2023","2023","7005","May","LCU","7537736.9","A","Official figure"
"PP","Producer Prices","704","Viet Nam","5530","Producer Price (LCU/tonne)","0113","Rice","2023","2023","7006","June","LCU","7540145.3","A","Official figure"
"PP","Producer Prices","704","Viet Nam","5530","Producer Price (LCU/tonne)","0113","Rice","2023","2023","7007","July","LCU","7581718.9","A","Official figure"
"PP","Producer Prices","704","Viet Nam","5530","Producer Price (LCU/tonne)","0113","Rice","2023","2023","7008","August","LCU","7758015.4","A","Official figure"
"PP","Producer Prices","704","Viet Nam","5530","Producer Price (LCU/tonne)","0113","Rice","2023","2023","7009","September","LCU","8001088.5","A","Official figure"
"PP","Producer Prices","704","Viet Nam","5530","Producer Price (LCU/tonne)","0113","Rice","2023","2023","7010","October","LCU","8083666.4","A","Official figure"
"PP","Producer Prices","704","Viet Nam","5530","Producer Price (LCU/tonne)","0113","Rice","2023","2023","7011","November","LCU","8395071.2","A","Official figure"
"PP","Producer Prices","704","Viet Nam","5530","Producer Price (LCU/tonne)","0113","Rice","2023","2023","7012","December","LCU","8679610.4","A","Official figure"
"PP","Producer Prices","704","Viet Nam","5531","Producer Price (SLC/tonne)","0113","Rice","2000","2000","7021","Annual value","SLC","1747300","A","Official figure"
"PP","Producer Prices","704","Viet Nam","5531","Producer Price (SLC/tonne)","0113","Rice","2001","2001","7021","Annual value","SLC","1638900","A","Official figure"
"PP","Producer Prices","704","Viet Nam","5531","Producer Price (SLC/tonne)","0113","Rice","2002","2002","7021","Annual value","SLC","1780700","A","Official figure"
"PP","Producer Prices","704","Viet Nam","5531","Producer Price (SLC/tonne)","0113","Rice","2003","2003","7021","Annual value","SLC","1942000","A","Official figure"
"PP","Producer Prices","704","Viet Nam","5531","Producer Price (SLC/tonne)","0113","Rice","2004","2004","7021","Annual value","SLC","2273000","A","Official figure"
"PP","Producer Prices","704","Viet Nam","5531","Producer Price (SLC/tonne)","0113","Rice","2005","2005","7021","Annual value","SLC","2643000","A","Official figure"
"PP","Producer Prices","704","Viet Nam","5531","Producer Price (SLC/tonne)","0113","Rice","2006","2006","7021","Annual value","SLC","2484000","A","Official figure"
"PP","Producer Prices","704","Viet Nam","5531","Producer Price (SLC/tonne)","0113","Rice","2007","2007","7021","Annual value","SLC","3192000","A","Official figure"
"PP","Producer Prices","704","Viet Nam","5531","Producer Price (SLC/tonne)","0113","Rice","2008","2008","7021","Annual value","SLC","4671000","A","Official figure"
"PP","Producer Prices","704","Viet Nam","5531","Producer Price (SLC/tonne)","0113","Rice","2009","2009","7021","Annual value","SLC","5045000","A","Official figure"
"PP","Producer Prices","704","Viet Nam","5531","Producer Price (SLC/tonne)","0113","Rice","2010","2010","7021","Annual value","SLC","5389000","A","Official figure"
"PP","Producer Prices","704","Viet Nam","5531","Producer Price (SLC/tonne)","0113","Rice","2011","2011","7021","Annual value","SLC","6477000","A","Official figure"
"PP","Producer Prices","704","Viet Nam","5531","Producer Price (SLC/tonne)","0113","Rice","2012","2012","7021","Annual value","SLC","6234000","A","Official figure"
"PP","Producer Prices","704","Viet Nam","5531","Producer Price (SLC/tonne)","0113","Rice","2013","2013","7021","Annual value","SLC","6157000","A","Official figure"
"PP","Producer Prices","704","Viet Nam","5531","Producer Price (SLC/tonne)","0113","Rice","2014","2014","7021","Annual value","SLC","6446000","A","Official figure"
"PP","Producer Prices","704","Viet Nam","5531","Producer Price (SLC/tonne)","0113","Rice","2015","2015","7021","Annual value","SLC","6229000","A","Official figure"
"PP","Producer Prices","704","Viet Nam","5531","Producer Price (SLC/tonne)","0113","Rice","2016","2016","7021","Annual value","SLC","6342000","A","Official figure"
"PP","Producer Prices","704","Viet Nam","5531","Producer Price (SLC/tonne)","0113","Rice","2017","2017","7021","Annual value","SLC","6366000","A","Official figure"
"PP","Producer Prices","704","Viet Nam","5531","Producer Price (SLC/tonne)","0113","Rice","2018","2018","7021","Annual value","SLC","6503764","A","Official figure"
"PP","Producer Prices","704","Viet Nam","5531","Producer Price (SLC/tonne)","0113","Rice","2019","2019","7021","Annual value","SLC","6476419.9","A","Official figure"
"PP","Producer Prices","704","Viet Nam","5531","Producer Price (SLC/tonne)","0113","Rice","2020","2020","7021","Annual value","SLC","6781682.3","A","Official figure"
"PP","Producer Prices","704","Viet Nam","5531","Producer Price (SLC/tonne)","0113","Rice","2021","2021","7021","Annual value","SLC","7633349","A","Official figure"
"PP","Producer Prices","704","Viet Nam","5531","Producer Price (SLC/tonne)","0113","Rice","2022","2022","7021","Annual value","SLC","7246927.7","A","Official figure"
"PP","Producer Prices","704","Viet Nam","5531","Producer Price (SLC/tonne)","0113","Rice","2023","2023","7021","Annual value","SLC","7772059.3","A","Official figure"
"PP","Producer Prices","704","Viet Nam","5532","Producer Price (USD/tonne)","0113","Rice","2000","2000","7021","Annual value","USD","123.3","A","Official figure"
"PP","Producer Prices","704","Viet Nam","5532","Producer Price (USD/tonne)","0113","Rice","2001","2001","7021","Annual value","USD","111.3","A","Official figure"
"PP","Producer Prices","704","Viet Nam","5532","Producer Price (USD/tonne)","0113","Rice","2002","2002","7021","Annual value","USD","116.5","A","Official figure"
"PP","Producer Prices","704","Viet Nam","5532","Producer Price (USD/tonne)","0113","Rice","2003","2003","7021","Annual value","USD","125.2","A","Official figure"
"PP","Producer Prices","704","Viet Nam","5532","Producer Price (USD/tonne)","0113","Rice","2004","2004","7021","Annual value","USD","144.4","A","Official figure"
"PP","Producer Prices","704","Viet Nam","5532","Producer Price (USD/tonne)","0113","Rice","2005","2005","7021","Annual value","USD","166.7","A","Official figure"
"PP","Producer Prices","704","Viet Nam","5532","Producer Price (USD/tonne)","0113","Rice","2006","2006","7021","Annual value","USD","155.3","A","Official figure"
"PP","Producer Prices","704","Viet Nam","5532","Producer Price (USD/tonne)","0113","Rice","2007","2007","7021","Annual value","USD","198.2","A","Official figure"
"PP","Producer Prices","704","Viet Nam","5532","Producer Price (USD/tonne)","0113","Rice","2008","2008","7021","Annual value","USD","286.5","A","Official figure"
"PP","Producer Prices","704","Viet Nam","5532","Producer Price (USD/tonne)","0113","Rice","2009","2009","7021","Annual value","USD","295.6","A","Official figure"
"PP","Producer Prices","704","Viet Nam","5532","Producer Price (USD/tonne)","0113","Rice","2010","2010","7021","Annual value","USD","289.5","A","Official figure"
"PP","Producer Prices","704","Viet Nam","5532","Producer Price (USD/tonne)","0113","Rice","2011","2011","7021","Annual value","USD","315.8","A","Official figure"
"PP","Producer Prices","704","Viet Nam","5532","Producer Price (USD/tonne)","0113","Rice","2012","2012","7021","Annual value","USD","299.3","A","Official figure"
"PP","Producer Prices","704","Viet Nam","5532","Producer Price (USD/tonne)","0113","Rice","2013","2013","7021","Annual value","USD","294.1","A","Official figure"
"PP","Producer Prices","704","Viet Nam","5532","Producer Price (USD/tonne)","0113","Rice","2014","2014","7021","Annual value","USD","304.8","A","Official figure"
"PP","Producer Prices","704","Viet Nam","5532","Producer Price (USD/tonne)","0113","Rice","2015","2015","7021","Annual value","USD","287.1","A","Official figure"
"PP","Producer Prices","704","Viet Nam","5532","Producer Price (USD/tonne)","0113","Rice","2016","2016","7021","Annual value","USD","289.1","A","Official figure"
"PP","Producer Prices","704","Viet Nam","5532","Producer Price (USD/tonne)","0113","Rice","2017","2017","7021","Annual value","USD","284.6","A","Official figure"
"PP","Producer Prices","704","Viet Nam","5532","Producer Price (USD/tonne)","0113","Rice","2018","2018","7021","Annual value","USD","287.8","A","Official figure"
"PP","Producer Prices","704","Viet Nam","5532","Producer Price (USD/tonne)","0113","Rice","2019","2019","7021","Annual value","USD","281","A","Official figure"
"PP","Producer Prices","704","Viet Nam","5532","Producer Price (USD/tonne)","0113","Rice","2020","2020","7021","Annual value","USD","292.2","A","Official figure"
"PP","Producer Prices","704","Viet Nam","5532","Producer Price (USD/tonne)","0113","Rice","2021","2021","7021","Annual value","USD","329.6","A","Official figure"
"PP","Producer Prices","704","Viet Nam","5532","Producer Price (USD/tonne)","0113","Rice","2022","2022","7021","Annual value","USD","311.4","A","Official figure"
"PP","Producer Prices","704","Viet Nam","5532","Producer Price (USD/tonne)","0113","Rice","2023","2023","7021","Annual value","USD","326.7","A","Official figure"
"PP","Producer Prices","704","Viet Nam","5539","Producer Price Index (2014-2016 = 100)","0113","Rice","1991","1991","7021","Annual value","","14.13","I","Imputed value"
"PP","Producer Prices","704","Viet Nam","5539","Producer Price Index (2014-2016 = 100)","0113","Rice","1992","1992","7021","Annual value","","15.35","I","Imputed value"
"PP","Producer Prices","704","Viet Nam","5539","Producer Price Index (2014-2016 = 100)","0113","Rice","1993","1993","7021","Annual value","","14.97","I","Imputed value"
"PP","Producer Prices","704","Viet Nam","5539","Producer Price Index (2014-2016 = 100)","0113","Rice","1994","1994","7021","Annual value","","17.09","I","Imputed value"
"PP","Producer Prices","704","Viet Nam","5539","Producer Price Index (2014-2016 = 100)","0113","Rice","1995","1995","7021","Annual value","","23.33","I","Imputed value"
"PP","Producer Prices","704","Viet Nam","5539","Producer Price Index (2014-2016 = 100)","0113","Rice","1996","1996","7021","Annual value","","23.87","I","Imputed value"
"PP","Producer Prices","704","Viet Nam","5539","Producer Price Index (2014-2016 = 100)","0113","Rice","1997","1997","7021","Annual value","","23.51","I","Imputed value"
"PP","Producer Prices","704","Viet Nam","5539","Producer Price Index (2014-2016 = 100)","0113","Rice","1998","1998","7021","Annual value","","26.68","I","Imputed value"
"PP","Producer Prices","704","Viet Nam","5539","Producer Price Index (2014-2016 = 100)","0113","Rice","1999","1999","7021","Annual value","","27.12","I","Imputed value"
"PP","Producer Prices","704","Viet Nam","5539","Producer Price Index (2014-2016 = 100)","0113","Rice","2000","2000","7021","Annual value","","27.56","I","Imputed value"
"PP","Producer Prices","704","Viet Nam","5539","Producer Price Index (2014-2016 = 100)","0113","Rice","2001","2001","7021","Annual value","","25.85","I","Imputed value"
"PP","Producer Prices","704","Viet Nam","5539","Producer Price Index (2014-2016 = 100)","0113","Rice","2002","2002","7021","Annual value","","28.09","I","Imputed value"
"PP","Producer Prices","704","Viet Nam","5539","Producer Price Index (2014-2016 = 100)","0113","Rice","2003","2003","7021","Annual value","","30.64","I","Imputed value"
"PP","Producer Prices","704","Viet Nam","5539","Producer Price Index (2014-2016 = 100)","0113","Rice","2004","2004","7021","Annual value","","35.86","I","Imputed value"
"PP","Producer Prices","704","Viet Nam","5539","Producer Price Index (2014-2016 = 100)","0113","Rice","2005","2005","7021","Annual value","","41.69","I","Imputed value"
"PP","Producer Prices","704","Viet Nam","5539","Producer Price Index (2014-2016 = 100)","0113","Rice","2006","2006","7021","Annual value","","39.19","I","Imputed value"
"PP","Producer Prices","704","Viet Nam","5539","Producer Price Index (2014-2016 = 100)","0113","Rice","2007","2007","7021","Annual value","","50.35","I","Imputed value"
"PP","Producer Prices","704","Viet Nam","5539","Producer Price Index (2014-2016 = 100)","0113","Rice","2008","2008","7021","Annual value","","73.69","I","Imputed value"
"PP","Producer Prices","704","Viet Nam","5539","Producer Price Index (2014-2016 = 100)","0113","Rice","2009","2009","7021","Annual value","","79.59","I","Imputed value"
"PP","Producer Prices","704","Viet Nam","5539","Producer Price Index (2014-2016 = 100)","0113","Rice","2010","2010","7021","Annual value","","85.01","I","Imputed value"
"PP","Producer Prices","704","Viet Nam","5539","Producer Price Index (2014-2016 = 100)","0113","Rice","2011","2011","7021","Annual value","","102.18","I","Imputed value"
"PP","Producer Prices","704","Viet Nam","5539","Producer Price Index (2014-2016 = 100)","0113","Rice","2012","2012","7021","Annual value","","98.34","I","Imputed value"
"PP","Producer Prices","704","Viet Nam","5539","Producer Price Index (2014-2016 = 100)","0113","Rice","2013","2013","7021","Annual value","","97.13","I","Imputed value"
"PP","Producer Prices","704","Viet Nam","5539","Producer Price Index (2014-2016 = 100)","0113","Rice","2014","2014","7021","Annual value","","101.69","I","Imputed value"
"PP","Producer Prices","704","Viet Nam","5539","Producer Price Index (2014-2016 = 100)","0113","Rice","2015","2015","7021","Annual value","","98.26","I","Imputed value"
"PP","Producer Prices","704","Viet Nam","5539","Producer Price Index (2014-2016 = 100)","0113","Rice","2016","2016","7021","Annual value","","100.05","I","Imputed value"
"PP","Producer Prices","704","Viet Nam","5539","Producer Price Index (2014-2016 = 100)","0113","Rice","2017","2017","7021","Annual value","","100.43","I","Imputed value"
"PP","Producer Prices","704","Viet Nam","5539","Producer Price Index (2014-2016 = 100)","0113","Rice","2018","2018","7021","Annual value","","102.6","I","Imputed value"
"PP","Producer Prices","704","Viet Nam","5539","Producer Price Index (2014-2016 = 100)","0113","Rice","2019","2019","7021","Annual value","","102.17","I","Imputed value"
"PP","Producer Prices","704","Viet Nam","5539","Producer Price Index (2014-2016 = 100)","0113","Rice","2020","2020","7021","Annual value","","106.98","I","Imputed value"
"PP","Producer Prices","704","Viet Nam","5539","Producer Price Index (2014-2016 = 100)","0113","Rice","2021","2021","7021","Annual value","","120.42","I","Imputed value"
"PP","Producer Prices","704","Viet Nam","5539","Producer Price Index (2014-2016 = 100)","0113","Rice","2022","2022","7021","Annual value","","114.32","I","Imputed value"
"PP","Producer Prices","704","Viet Nam","5539","Producer Price Index (2014-2016 = 100)","0113","Rice","2023","2023","7021","Annual value","","122.61","I","Imputed value"
"PP","Producer Prices","704","Viet Nam","5539","Producer Price Index (2014-2016 = 100)","0113","Rice","2024","2024","7021","Annual value","","126.25","I","Imputed value"
